pthread.h ,  12 , syntax error: missing ')' before identifier 'thread'
pthread.h ,  12 , syntax error: identifier 'thread'
pthread.h ,  12 , syntax error: ';'
pthread.h ,  12 , syntax error: ','
pthread.h ,  12 , syntax error: missing ')' before identifier 'thread'
pthread.h ,  12 , syntax error: identifier 'thread'
pthread.h ,  12 , syntax error: ';'
pthread.h ,  12 , syntax error: ','
pthread.h ,  12 , syntax error: missing ')' before identifier 'thread'
pthread.h ,  12 , syntax error: identifier 'thread'
pthread.h ,  12 , syntax error: ';'
pthread.h ,  12 , syntax error: ','
pthread.h ,  12 , syntax error: missing ')' before identifier 'thread'
pthread.h ,  12 , syntax error: identifier 'thread'
pthread.h ,  12 , syntax error: ';'
pthread.h ,  12 , syntax error: ','
pthread.h ,  12 , syntax error: missing ')' before identifier 'thread'
pthread.h ,  12 , syntax error: identifier 'thread'
pthread.h ,  12 , syntax error: ';'
pthread.h ,  12 , syntax error: ','
pthread.h ,  12 , syntax error: missing ')' before identifier 'thread'
pthread.h ,  12 , syntax error: identifier 'thread'
pthread.h ,  12 , syntax error: ';'
pthread.h ,  12 , syntax error: ','
pthread.h ,  12 , syntax error: missing ')' before identifier 'thread'
pthread.h ,  12 , syntax error: identifier 'thread'
pthread.h ,  12 , syntax error: ';'
pthread.h ,  12 , syntax error: ','
pthread.h ,  12 , syntax error: missing ')' before identifier 'thread'
pthread.h ,  12 , syntax error: identifier 'thread'
pthread.h ,  12 , syntax error: ';'
pthread.h ,  12 , syntax error: ','
pthread.h ,  12 , syntax error: missing ')' before identifier 'thread'
pthread.h ,  12 , syntax error: identifier 'thread'
pthread.h ,  12 , syntax error: ';'
pthread.h ,  12 , syntax error: ','
pthread.h ,  12 , syntax error: missing ')' before identifier 'thread'
pthread.h ,  12 , syntax error: identifier 'thread'
pthread.h ,  12 , syntax error: ';'
pthread.h ,  12 , syntax error: ','
pthread.h ,  12 , syntax error: missing ')' before identifier 'thread'
pthread.h ,  12 , syntax error: identifier 'thread'
pthread.h ,  12 , syntax error: ';'
pthread.h ,  12 , syntax error: ','
pthread.h ,  12 , syntax error: missing ')' before identifier 'thread'
pthread.h ,  12 , syntax error: identifier 'thread'
pthread.h ,  12 , syntax error: ';'
pthread.h ,  12 , syntax error: ','
pthread.h ,  12 , syntax error: missing ')' before identifier 'thread'
pthread.h ,  12 , syntax error: identifier 'thread'
pthread.h ,  12 , syntax error: ';'
pthread.h ,  12 , syntax error: ','
pthread.h ,  12 , syntax error: missing ')' before identifier 'thread'
pthread.h ,  12 , syntax error: identifier 'thread'
pthread.h ,  12 , syntax error: ';'
pthread.h ,  12 , syntax error: ','
pthread.h ,  12 , syntax error: missing ')' before identifier 'thread'
pthread.h ,  12 , syntax error: identifier 'thread'
pthread.h ,  12 , syntax error: ';'
pthread.h ,  12 , syntax error: ','
pthread.h ,  12 , syntax error: missing ')' before identifier 'thread'
pthread.h ,  12 , syntax error: identifier 'thread'
pthread.h ,  12 , syntax error: ';'
pthread.h ,  12 , syntax error: ','
pthread.h ,  12 , syntax error: missing ')' before identifier 'thread'
pthread.h ,  12 , syntax error: identifier 'thread'
pthread.h ,  12 , syntax error: ';'
pthread.h ,  12 , syntax error: ','
pthread.h ,  12 , syntax error: missing ')' before identifier 'thread'
pthread.h ,  12 , syntax error: identifier 'thread'
pthread.h ,  12 , syntax error: ';'
pthread.h ,  12 , syntax error: ','
pthread.h ,  12 , syntax error: missing ')' before identifier 'thread'
pthread.h ,  12 , syntax error: identifier 'thread'
pthread.h ,  12 , syntax error: ';'
pthread.h ,  12 , syntax error: ','
pthread.h ,  12 , syntax error: missing ')' before identifier 'thread'
pthread.h ,  12 , syntax error: identifier 'thread'
pthread.h ,  12 , syntax error: ';'
pthread.h ,  12 , syntax error: ','
pthread.h ,  12 , syntax error: missing ')' before identifier 'thread'
pthread.h ,  12 , syntax error: identifier 'thread'
pthread.h ,  12 , syntax error: ';'
pthread.h ,  12 , syntax error: ','
pthread.h ,  12 , syntax error: missing ')' before identifier 'thread'
pthread.h ,  12 , syntax error: identifier 'thread'
pthread.h ,  12 , syntax error: ';'
pthread.h ,  12 , syntax error: ','
pthread.h ,  12 , syntax error: missing ')' before identifier 'thread'
pthread.h ,  12 , syntax error: identifier 'thread'
pthread.h ,  12 , syntax error: ';'
pthread.h ,  12 , syntax error: ','
pthread.h ,  12 , syntax error: missing ')' before identifier 'thread'
pthread.h ,  12 , syntax error: identifier 'thread'
pthread.h ,  12 , syntax error: ';'
pthread.h ,  12 , syntax error: ','
pthread.h ,  12 , syntax error: missing ')' before identifier 'thread'
pthread.h ,  12 , syntax error: identifier 'thread'
pthread.h ,  12 , syntax error: ';'
pthread.h ,  12 , syntax error: ','
pthread.h ,  12 , syntax error: missing ')' before identifier 'thread'
pthread.h ,  12 , syntax error: identifier 'thread'
pthread.h ,  12 , syntax error: ';'
pthread.h ,  12 , syntax error: ','
pthread.h ,  12 , syntax error: missing ')' before identifier 'thread'
pthread.h ,  12 , syntax error: identifier 'thread'
pthread.h ,  12 , syntax error: ';'
pthread.h ,  12 , syntax error: ','
pthread.h ,  12 , syntax error: missing ')' before identifier 'thread'
pthread.h ,  12 , syntax error: identifier 'thread'
pthread.h ,  12 , syntax error: ';'
pthread.h ,  12 , syntax error: ','
pthread.h ,  12 , syntax error: missing ')' before identifier 'thread'
pthread.h ,  12 , syntax error: identifier 'thread'
pthread.h ,  12 , syntax error: ';'
pthread.h ,  12 , syntax error: ','
pthread.h ,  12 , syntax error: missing ')' before identifier 'thread'
pthread.h ,  12 , syntax error: identifier 'thread'
pthread.h ,  12 , syntax error: ';'
pthread.h ,  12 , syntax error: ','
pthread.h ,  12 , syntax error: missing ')' before identifier 'thread'
pthread.h ,  12 , syntax error: identifier 'thread'
pthread.h ,  12 , syntax error: ';'
pthread.h ,  12 , syntax error: ','
pthread.h ,  12 , syntax error: missing ')' before identifier 'thread'
pthread.h ,  12 , syntax error: identifier 'thread'
pthread.h ,  12 , syntax error: ';'
pthread.h ,  12 , syntax error: ','
pthread.h ,  12 , syntax error: missing ')' before identifier 'thread'
pthread.h ,  12 , syntax error: identifier 'thread'
pthread.h ,  12 , syntax error: ';'
pthread.h ,  12 , syntax error: ','
pthread.h ,  12 , syntax error: missing ')' before identifier 'thread'
pthread.h ,  12 , syntax error: identifier 'thread'
pthread.h ,  12 , syntax error: ';'
pthread.h ,  12 , syntax error: ','
pthread.h ,  12 , syntax error: missing ')' before identifier 'thread'
pthread.h ,  12 , syntax error: identifier 'thread'
pthread.h ,  12 , syntax error: ';'
pthread.h ,  12 , syntax error: ','
pthread.h ,  12 , syntax error: missing ')' before identifier 'thread'
pthread.h ,  12 , syntax error: identifier 'thread'
pthread.h ,  12 , syntax error: ';'
pthread.h ,  12 , syntax error: ','
pthread.h ,  12 , syntax error: missing ')' before identifier 'thread'
pthread.h ,  12 , syntax error: identifier 'thread'
pthread.h ,  12 , syntax error: ';'
pthread.h ,  12 , syntax error: ','
pthread.h ,  12 , syntax error: missing ')' before identifier 'thread'
pthread.h ,  12 , syntax error: identifier 'thread'
pthread.h ,  12 , syntax error: ';'
pthread.h ,  12 , syntax error: ','
pthread.h ,  12 , syntax error: missing ')' before identifier 'thread'
pthread.h ,  12 , syntax error: identifier 'thread'
pthread.h ,  12 , syntax error: ';'
pthread.h ,  12 , syntax error: ','
pthread.h ,  12 , syntax error: missing ')' before identifier 'thread'
pthread.h ,  12 , syntax error: identifier 'thread'
pthread.h ,  12 , syntax error: ';'
pthread.h ,  12 , syntax error: ','
pthread.h ,  12 , syntax error: missing ')' before identifier 'thread'
pthread.h ,  12 , syntax error: identifier 'thread'
pthread.h ,  12 , syntax error: ';'
pthread.h ,  12 , syntax error: ','
pthread.h ,  12 , syntax error: missing ')' before identifier 'thread'
pthread.h ,  12 , syntax error: identifier 'thread'
pthread.h ,  12 , syntax error: ';'
pthread.h ,  12 , syntax error: ','
pthread.h ,  12 , syntax error: missing ')' before identifier 'thread'
pthread.h ,  12 , syntax error: identifier 'thread'
pthread.h ,  12 , syntax error: ';'
pthread.h ,  12 , syntax error: ','
pthread.h ,  12 , syntax error: missing ')' before identifier 'thread'
pthread.h ,  12 , syntax error: identifier 'thread'
pthread.h ,  12 , syntax error: ';'
pthread.h ,  12 , syntax error: ','
pthread.h ,  12 , syntax error: missing ')' before identifier 'thread'
pthread.h ,  12 , syntax error: identifier 'thread'
pthread.h ,  12 , syntax error: ';'
pthread.h ,  12 , syntax error: ','
pthread.h ,  12 , syntax error: missing ')' before identifier 'thread'
pthread.h ,  12 , syntax error: identifier 'thread'
pthread.h ,  12 , syntax error: ';'
pthread.h ,  12 , syntax error: ','
pthread.h ,  12 , syntax error: missing ')' before identifier 'thread'
pthread.h ,  12 , syntax error: identifier 'thread'
pthread.h ,  12 , syntax error: ';'
pthread.h ,  12 , syntax error: ','
pthread.h ,  12 , syntax error: missing ')' before identifier 'thread'
pthread.h ,  12 , syntax error: identifier 'thread'
pthread.h ,  12 , syntax error: ';'
pthread.h ,  12 , syntax error: ','
pthread.h ,  12 , syntax error: missing ')' before identifier 'thread'
pthread.h ,  12 , syntax error: identifier 'thread'
pthread.h ,  12 , syntax error: ';'
pthread.h ,  12 , syntax error: ','
pthread.h ,  12 , syntax error: missing ')' before identifier 'thread'
pthread.h ,  12 , syntax error: identifier 'thread'
pthread.h ,  12 , syntax error: ';'
pthread.h ,  12 , syntax error: ','
pthread.h ,  12 , syntax error: missing ')' before identifier 'thread'
pthread.h ,  12 , syntax error: identifier 'thread'
pthread.h ,  12 , syntax error: ';'
pthread.h ,  12 , syntax error: ','
pthread.h ,  12 , syntax error: missing ')' before identifier 'thread'
pthread.h ,  12 , syntax error: identifier 'thread'
pthread.h ,  12 , syntax error: ';'
pthread.h ,  12 , syntax error: ','
